<application>
  <component name="FileTypeManager" version="18">
    <extensionMap>
      <mapping ext="conf" type="Nginx Configuration Pro" />
      <mapping ext="feedfilter" type="PLAIN_TEXT" />
      <mapping ext="cleandataservice" type="PLAIN_TEXT" />
      <mapping ext="entitlementtemplate" type="PLAIN_TEXT" />
      <mapping ext="skill" type="PLAIN_TEXT" />
      <mapping ext="presenceuserconfig" type="PLAIN_TEXT" />
      <mapping ext="notifications" type="PLAIN_TEXT" />
      <mapping ext="territory2" type="PLAIN_TEXT" />
      <mapping ext="embeddedservicebranding" type="PLAIN_TEXT" />
      <mapping ext="escalationrules" type="PLAIN_TEXT" />
      <mapping ext="userprovisioningconfig" type="PLAIN_TEXT" />
      <mapping ext="brandingset" type="PLAIN_TEXT" />
      <mapping ext="csptrustedsite" type="PLAIN_TEXT" />
      <mapping ext="communitythemedefinition" type="PLAIN_TEXT" />
      <mapping ext="snapshot" type="PLAIN_TEXT" />
      <mapping ext="mldomain" type="PLAIN_TEXT" />
      <mapping ext="translation" type="PLAIN_TEXT" />
      <mapping ext="objecttranslation" type="PLAIN_TEXT" />
      <mapping ext="flowcategory" type="PLAIN_TEXT" />
      <mapping ext="mutingpermissionset" type="PLAIN_TEXT" />
      <mapping ext="territory" type="PLAIN_TEXT" />
      <mapping ext="settings" type="PLAIN_TEXT" />
      <mapping ext="namedcredential" type="PLAIN_TEXT" />
      <mapping ext="group" type="PLAIN_TEXT" />
      <mapping ext="outboundnetworkconnection" type="PLAIN_TEXT" />
      <mapping ext="customapplicationcomponent" type="PLAIN_TEXT" />
      <mapping ext="pathassistant" type="PLAIN_TEXT" />
      <mapping ext="messagechannel" type="PLAIN_TEXT" />
      <mapping ext="queue" type="PLAIN_TEXT" />
      <mapping ext="homepagecomponent" type="PLAIN_TEXT" />
      <mapping ext="blacklistedconsumer" type="PLAIN_TEXT" />
      <mapping ext="mobileapplicationdetail" type="PLAIN_TEXT" />
      <mapping ext="geodata" type="PLAIN_TEXT" />
      <mapping ext="delegategroup" type="PLAIN_TEXT" />
      <mapping ext="leadconvertsetting" type="PLAIN_TEXT" />
      <mapping ext="inboundcertificate" type="PLAIN_TEXT" />
      <mapping ext="samlssoconfig" type="PLAIN_TEXT" />
      <mapping ext="servicepresencestatus" type="PLAIN_TEXT" />
      <mapping ext="recommendationstrategy" type="PLAIN_TEXT" />
      <mapping ext="synonymdictionary" type="PLAIN_TEXT" />
      <mapping ext="wapp" type="PLAIN_TEXT" />
      <mapping ext="inboundnetworkconnection" type="PLAIN_TEXT" />
      <mapping ext="livechatbutton" type="PLAIN_TEXT" />
      <mapping ext="communitytemplatedefinition" type="PLAIN_TEXT" />
      <mapping ext="subscription" type="PLAIN_TEXT" />
      <mapping ext="featureparameterdate" type="PLAIN_TEXT" />
      <mapping ext="casesubjectparticle" type="PLAIN_TEXT" />
      <mapping ext="rule" type="PLAIN_TEXT" />
      <mapping ext="workflow" type="PLAIN_TEXT" />
      <mapping ext="wlens" type="PLAIN_TEXT" />
      <mapping ext="presencedeclinereason" type="PLAIN_TEXT" />
      <mapping ext="territory2rule" type="PLAIN_TEXT" />
      <mapping ext="managedcontenttype" type="PLAIN_TEXT" />
      <mapping ext="report" type="PLAIN_TEXT" />
      <mapping ext="timesheettemplate" type="PLAIN_TEXT" />
      <mapping ext="permissionset" type="PLAIN_TEXT" />
      <mapping ext="role" type="PLAIN_TEXT" />
      <mapping ext="flexipage" type="PLAIN_TEXT" />
      <mapping ext="site" type="PLAIN_TEXT" />
      <mapping ext="authprovider" type="PLAIN_TEXT" />
      <mapping ext="assignmentrules" type="PLAIN_TEXT" />
      <mapping ext="profilepasswordpolicy" type="PLAIN_TEXT" />
      <mapping ext="embeddedservicemenusettings" type="PLAIN_TEXT" />
      <mapping ext="crt" type="PLAIN_TEXT" />
      <mapping ext="channellayout" type="PLAIN_TEXT" />
      <mapping ext="prompt" type="PLAIN_TEXT" />
      <mapping ext="iframewhitelisturlsettings" type="PLAIN_TEXT" />
      <mapping ext="botversion" type="PLAIN_TEXT" />
      <mapping ext="appmenu" type="PLAIN_TEXT" />
      <mapping ext="livechatsensitivedatarule" type="PLAIN_TEXT" />
      <mapping ext="campaigninfluencemodel" type="PLAIN_TEXT" />
      <mapping ext="remotesite" type="PLAIN_TEXT" />
      <mapping ext="layout" type="PLAIN_TEXT" />
      <mapping ext="globalvaluesettranslation" type="PLAIN_TEXT" />
      <mapping ext="briefcasedefinition" type="PLAIN_TEXT" />
      <mapping ext="actionlinkgrouptemplate" type="PLAIN_TEXT" />
      <mapping ext="globalvalueset" type="PLAIN_TEXT" />
      <mapping ext="autoresponserules" type="PLAIN_TEXT" />
      <mapping ext="bot" type="PLAIN_TEXT" />
      <mapping ext="standardvaluesettranslation" type="PLAIN_TEXT" />
      <mapping ext="webstoretemplate" type="PLAIN_TEXT" />
      <mapping ext="network" type="PLAIN_TEXT" />
      <mapping ext="mydomaindiscoverablelogin" type="PLAIN_TEXT" />
      <mapping ext="navigationmenu" type="PLAIN_TEXT" />
      <mapping ext="globalpicklist" type="PLAIN_TEXT" />
      <mapping ext="community" type="PLAIN_TEXT" />
      <mapping ext="callcenter" type="PLAIN_TEXT" />
      <mapping ext="deployment" type="PLAIN_TEXT" />
      <mapping ext="embeddedservicefieldservice" type="PLAIN_TEXT" />
      <mapping ext="wdpr" type="PLAIN_TEXT" />
      <mapping ext="approvalprocess" type="PLAIN_TEXT" />
      <mapping ext="policy" type="PLAIN_TEXT" />
      <mapping ext="embeddedserviceflowconfig" type="PLAIN_TEXT" />
      <mapping ext="permissionsetgroup" type="PLAIN_TEXT" />
      <mapping ext="entitlementprocess" type="PLAIN_TEXT" />
      <mapping ext="transactionsecuritypolicy" type="PLAIN_TEXT" />
      <mapping ext="quickaction" type="PLAIN_TEXT" />
      <mapping ext="lightningexperiencetheme" type="PLAIN_TEXT" />
      <mapping ext="sharingset" type="PLAIN_TEXT" />
      <mapping ext="scf" type="PLAIN_TEXT" />
      <mapping ext="apt" type="PLAIN_TEXT" />
      <mapping ext="wds" type="PLAIN_TEXT" />
      <mapping ext="homepagelayout" type="PLAIN_TEXT" />
      <mapping ext="embeddedserviceliveagent" type="PLAIN_TEXT" />
      <mapping ext="paymentgatewayprovider" type="PLAIN_TEXT" />
      <mapping ext="letter" type="PLAIN_TEXT" />
      <mapping ext="cmsconnectsource" type="PLAIN_TEXT" />
      <mapping ext="featureparameterboolean" type="PLAIN_TEXT" />
      <mapping ext="queueroutingconfig" type="PLAIN_TEXT" />
      <mapping ext="standardvalueset" type="PLAIN_TEXT" />
      <mapping ext="territory2model" type="PLAIN_TEXT" />
      <mapping ext="businessprocessgroup" type="PLAIN_TEXT" />
      <mapping ext="gatewayproviderpaymentmethodtype" type="PLAIN_TEXT" />
      <mapping ext="featureparameterinteger" type="PLAIN_TEXT" />
      <mapping ext="networkbranding" type="PLAIN_TEXT" />
      <mapping ext="redirectwhitelisturl" type="PLAIN_TEXT" />
      <mapping ext="connectedapp" type="PLAIN_TEXT" />
      <mapping ext="territory2type" type="PLAIN_TEXT" />
      <mapping ext="lightningonboardingconfig" type="PLAIN_TEXT" />
      <mapping ext="audience" type="PLAIN_TEXT" />
      <mapping ext="platformeventchannelmember" type="PLAIN_TEXT" />
      <mapping ext="customhelpmenusection" type="PLAIN_TEXT" />
      <mapping ext="canvas" type="PLAIN_TEXT" />
      <mapping ext="managedtopics" type="PLAIN_TEXT" />
      <mapping ext="posttemplate" type="PLAIN_TEXT" />
      <mapping ext="flowdefinition" type="PLAIN_TEXT" />
      <mapping ext="reporttype" type="PLAIN_TEXT" />
      <mapping ext="profilesessionsetting" type="PLAIN_TEXT" />
      <mapping ext="custompermission" type="PLAIN_TEXT" />
      <mapping ext="milestonetype" type="PLAIN_TEXT" />
      <mapping ext="sharingrules" type="PLAIN_TEXT" />
      <mapping ext="dashboard" type="PLAIN_TEXT" />
      <mapping ext="labels" type="PLAIN_TEXT" />
      <mapping ext="datacategorygroup" type="PLAIN_TEXT" />
      <mapping ext="usercriteria" type="PLAIN_TEXT" />
      <mapping ext="lightningbolt" type="PLAIN_TEXT" />
      <mapping ext="matchingrule" type="PLAIN_TEXT" />
      <mapping ext="embeddedserviceconfig" type="PLAIN_TEXT" />
      <mapping ext="externalserviceregistration" type="PLAIN_TEXT" />
      <mapping ext="workskillrouting" type="PLAIN_TEXT" />
      <mapping ext="notiftype" type="PLAIN_TEXT" />
      <mapping ext="livechatdeployment" type="PLAIN_TEXT" />
      <mapping ext="callcoachingmediaprovider" type="PLAIN_TEXT" />
      <mapping ext="delivery" type="PLAIN_TEXT" />
      <mapping ext="analyticsnapshot" type="PLAIN_TEXT" />
      <mapping ext="animationrule" type="PLAIN_TEXT" />
      <mapping ext="wdf" type="PLAIN_TEXT" />
      <mapping ext="datasource" type="PLAIN_TEXT" />
      <mapping ext="platformeventsubscriberconfig" type="PLAIN_TEXT" />
      <mapping ext="weblink" type="PLAIN_TEXT" />
      <mapping ext="oauthcustomscope" type="PLAIN_TEXT" />
      <mapping ext="tab" type="PLAIN_TEXT" />
      <mapping ext="salesworkqueuesetting" type="PLAIN_TEXT" />
      <mapping ext="keywords" type="PLAIN_TEXT" />
      <mapping ext="chatterextension" type="PLAIN_TEXT" />
      <mapping ext="wdash" type="PLAIN_TEXT" />
      <mapping ext="topicsforobjects" type="PLAIN_TEXT" />
      <mapping ext="installedpackage" type="PLAIN_TEXT" />
      <mapping ext="indx" type="PLAIN_TEXT" />
      <mapping ext="testsuite" type="PLAIN_TEXT" />
      <mapping ext="servicechannel" type="PLAIN_TEXT" />
      <mapping ext="profile" type="PLAIN_TEXT" />
      <mapping ext="duplicaterule" type="PLAIN_TEXT" />
      <mapping ext="accountrelationshipsharerule" type="PLAIN_TEXT" />
      <mapping ext="flow" type="PLAIN_TEXT" />
      <mapping ext="entityimplements" type="PLAIN_TEXT" />
      <mapping ext="portal" type="PLAIN_TEXT" />
      <mapping ext="platformeventchannel" type="PLAIN_TEXT" />
      <mapping ext="corswhitelistorigin" type="PLAIN_TEXT" />
      <mapping ext="xmd" type="PLAIN_TEXT" />
      <mapping ext="cachepartition" type="PLAIN_TEXT" />
      <mapping ext="livechatagentconfig" type="PLAIN_TEXT" />
      <removed_mapping ext="conf" type="SmartyConfig" />
      <removed_mapping ext="accountrelationshipsharerule" approved="true" type="XML" />
      <removed_mapping ext="actionlinkgrouptemplate" approved="true" type="XML" />
      <removed_mapping ext="analyticsnapshot" approved="true" type="XML" />
      <removed_mapping ext="animationrule" approved="true" type="XML" />
      <removed_mapping ext="apk" approved="true" type="ARCHIVE" />
      <removed_mapping ext="appmenu" approved="true" type="XML" />
      <removed_mapping ext="approvalprocess" approved="true" type="XML" />
      <removed_mapping ext="apt" approved="true" type="XML" />
      <removed_mapping ext="assignmentrules" approved="true" type="XML" />
      <removed_mapping ext="audience" approved="true" type="XML" />
      <removed_mapping ext="authprovider" approved="true" type="XML" />
      <removed_mapping ext="autoresponserules" approved="true" type="XML" />
      <removed_mapping ext="blacklistedconsumer" approved="true" type="XML" />
      <removed_mapping ext="bot" approved="true" type="XML" />
      <removed_mapping ext="botversion" approved="true" type="XML" />
      <removed_mapping ext="brandingset" approved="true" type="XML" />
      <removed_mapping ext="briefcasedefinition" approved="true" type="XML" />
      <removed_mapping ext="businessprocessgroup" approved="true" type="XML" />
      <removed_mapping ext="cachepartition" approved="true" type="XML" />
      <removed_mapping ext="callcenter" approved="true" type="XML" />
      <removed_mapping ext="callcoachingmediaprovider" approved="true" type="XML" />
      <removed_mapping ext="campaigninfluencemodel" approved="true" type="XML" />
      <removed_mapping ext="canvas" approved="true" type="XML" />
      <removed_mapping ext="casesubjectparticle" approved="true" type="XML" />
      <removed_mapping ext="channellayout" approved="true" type="XML" />
      <removed_mapping ext="chatterextension" approved="true" type="XML" />
      <removed_mapping ext="cleandataservice" approved="true" type="XML" />
      <removed_mapping ext="cmsconnectsource" approved="true" type="XML" />
      <removed_mapping ext="community" approved="true" type="XML" />
      <removed_mapping ext="communitytemplatedefinition" approved="true" type="XML" />
      <removed_mapping ext="communitythemedefinition" approved="true" type="XML" />
      <removed_mapping ext="config" approved="true" type="XML" />
      <removed_mapping ext="connectedapp" approved="true" type="XML" />
      <removed_mapping ext="corswhitelistorigin" approved="true" type="XML" />
      <removed_mapping ext="crt" approved="true" type="XML" />
      <removed_mapping ext="csptrustedsite" approved="true" type="XML" />
      <removed_mapping ext="csv" approved="true" type="CSV/TSV" />
      <removed_mapping ext="customapplicationcomponent" approved="true" type="XML" />
      <removed_mapping ext="customhelpmenusection" approved="true" type="XML" />
      <removed_mapping ext="custompermission" approved="true" type="XML" />
      <removed_mapping ext="dashboard" approved="true" type="XML" />
      <removed_mapping ext="datacategorygroup" approved="true" type="XML" />
      <removed_mapping ext="datasource" approved="true" type="XML" />
      <removed_mapping ext="delegategroup" approved="true" type="XML" />
      <removed_mapping ext="delivery" approved="true" type="XML" />
      <removed_mapping ext="deployment" approved="true" type="XML" />
      <removed_mapping ext="duplicaterule" approved="true" type="XML" />
      <removed_mapping ext="embeddedservicebranding" approved="true" type="XML" />
      <removed_mapping ext="embeddedserviceconfig" approved="true" type="XML" />
      <removed_mapping ext="embeddedservicefieldservice" approved="true" type="XML" />
      <removed_mapping ext="embeddedserviceflowconfig" approved="true" type="XML" />
      <removed_mapping ext="embeddedserviceliveagent" approved="true" type="XML" />
      <removed_mapping ext="embeddedservicemenusettings" approved="true" type="XML" />
      <removed_mapping ext="entitlementprocess" approved="true" type="XML" />
      <removed_mapping ext="entitlementtemplate" approved="true" type="XML" />
      <removed_mapping ext="entityimplements" approved="true" type="XML" />
      <removed_mapping ext="escalationrules" approved="true" type="XML" />
      <removed_mapping ext="externalserviceregistration" approved="true" type="XML" />
      <removed_mapping ext="featureparameterboolean" approved="true" type="XML" />
      <removed_mapping ext="featureparameterdate" approved="true" type="XML" />
      <removed_mapping ext="featureparameterinteger" approved="true" type="XML" />
      <removed_mapping ext="feedfilter" approved="true" type="XML" />
      <removed_mapping ext="flexipage" approved="true" type="XML" />
      <removed_mapping ext="flow" approved="true" type="XML" />
      <removed_mapping ext="flowcategory" approved="true" type="XML" />
      <removed_mapping ext="flowdefinition" approved="true" type="XML" />
      <removed_mapping ext="gatewayproviderpaymentmethodtype" approved="true" type="XML" />
      <removed_mapping ext="geodata" approved="true" type="XML" />
      <removed_mapping ext="globalpicklist" approved="true" type="XML" />
      <removed_mapping ext="globalvalueset" approved="true" type="XML" />
      <removed_mapping ext="globalvaluesettranslation" approved="true" type="XML" />
      <removed_mapping ext="group" approved="true" type="XML" />
      <removed_mapping ext="homepagecomponent" approved="true" type="XML" />
      <removed_mapping ext="homepagelayout" approved="true" type="XML" />
      <removed_mapping ext="iframewhitelisturlsettings" approved="true" type="XML" />
      <removed_mapping ext="ignore" approved="true" type="IgnoreLang file" />
      <removed_mapping ext="inboundcertificate" approved="true" type="XML" />
      <removed_mapping ext="inboundnetworkconnection" approved="true" type="XML" />
      <removed_mapping ext="indx" approved="true" type="XML" />
      <removed_mapping ext="installedpackage" approved="true" type="XML" />
      <removed_mapping ext="keywords" approved="true" type="XML" />
      <removed_mapping ext="labels" approved="true" type="XML" />
      <removed_mapping ext="layout" approved="true" type="XML" />
      <removed_mapping ext="leadconvertsetting" approved="true" type="XML" />
      <removed_mapping ext="letter" approved="true" type="XML" />
      <removed_mapping ext="lightningbolt" approved="true" type="XML" />
      <removed_mapping ext="lightningexperiencetheme" approved="true" type="XML" />
      <removed_mapping ext="lightningonboardingconfig" approved="true" type="XML" />
      <removed_mapping ext="livechatagentconfig" approved="true" type="XML" />
      <removed_mapping ext="livechatbutton" approved="true" type="XML" />
      <removed_mapping ext="livechatdeployment" approved="true" type="XML" />
      <removed_mapping ext="livechatsensitivedatarule" approved="true" type="XML" />
      <removed_mapping ext="log" approved="true" type="Log" />
      <removed_mapping ext="managedcontenttype" approved="true" type="XML" />
      <removed_mapping ext="managedtopics" approved="true" type="XML" />
      <removed_mapping ext="matchingrule" approved="true" type="XML" />
      <removed_mapping ext="md" approved="true" type="XML" />
      <removed_mapping ext="messagechannel" approved="true" type="XML" />
      <removed_mapping ext="milestonetype" approved="true" type="XML" />
      <removed_mapping ext="mldomain" approved="true" type="XML" />
      <removed_mapping ext="mobileapplicationdetail" approved="true" type="XML" />
      <removed_mapping ext="mutingpermissionset" approved="true" type="XML" />
      <removed_mapping ext="mydomaindiscoverablelogin" approved="true" type="XML" />
      <removed_mapping ext="namedcredential" approved="true" type="XML" />
      <removed_mapping ext="navigationmenu" approved="true" type="XML" />
      <removed_mapping ext="network" approved="true" type="XML" />
      <removed_mapping ext="networkbranding" approved="true" type="JSON" />
      <removed_mapping ext="notifications" approved="true" type="XML" />
      <removed_mapping ext="notiftype" approved="true" type="XML" />
      <removed_mapping ext="oauthcustomscope" approved="true" type="XML" />
      <removed_mapping ext="objecttranslation" approved="true" type="XML" />
      <removed_mapping ext="outboundnetworkconnection" approved="true" type="XML" />
      <removed_mapping ext="pathassistant" approved="true" type="XML" />
      <removed_mapping ext="paymentgatewayprovider" approved="true" type="XML" />
      <removed_mapping ext="pdf" approved="true" type="Native" />
      <removed_mapping ext="permissionset" approved="true" type="XML" />
      <removed_mapping ext="permissionsetgroup" approved="true" type="XML" />
      <removed_mapping ext="platformeventchannel" approved="true" type="XML" />
      <removed_mapping ext="platformeventchannelmember" approved="true" type="XML" />
      <removed_mapping ext="platformeventsubscriberconfig" approved="true" type="XML" />
      <removed_mapping ext="policy" approved="true" type="XML" />
      <removed_mapping ext="portal" approved="true" type="XML" />
      <removed_mapping ext="posttemplate" approved="true" type="XML" />
      <removed_mapping ext="presencedeclinereason" approved="true" type="XML" />
      <removed_mapping ext="presenceuserconfig" approved="true" type="XML" />
      <removed_mapping ext="profile" approved="true" type="XML" />
      <removed_mapping ext="profilepasswordpolicy" approved="true" type="XML" />
      <removed_mapping ext="profilesessionsetting" approved="true" type="XML" />
      <removed_mapping ext="prompt" approved="true" type="XML" />
      <removed_mapping ext="psd" approved="true" type="Image" />
      <removed_mapping ext="queue" approved="true" type="XML" />
      <removed_mapping ext="queueroutingconfig" approved="true" type="XML" />
      <removed_mapping ext="quickaction" approved="true" type="XML" />
      <removed_mapping ext="recommendationstrategy" approved="true" type="XML" />
      <removed_mapping ext="redirectwhitelisturl" approved="true" type="XML" />
      <removed_mapping ext="remotesite" approved="true" type="XML" />
      <removed_mapping ext="report" approved="true" type="XML" />
      <removed_mapping ext="reporttype" approved="true" type="XML" />
      <removed_mapping ext="role" approved="true" type="XML" />
      <removed_mapping ext="rule" approved="true" type="XML" />
      <removed_mapping ext="salesworkqueuesetting" approved="true" type="XML" />
      <removed_mapping ext="samlssoconfig" approved="true" type="XML" />
      <removed_mapping ext="scf" approved="true" type="XML" />
      <removed_mapping ext="servicechannel" approved="true" type="XML" />
      <removed_mapping ext="servicepresencestatus" approved="true" type="XML" />
      <removed_mapping ext="settings" approved="true" type="XML" />
      <removed_mapping ext="sharingrules" approved="true" type="XML" />
      <removed_mapping ext="sharingset" approved="true" type="XML" />
      <removed_mapping ext="site" approved="true" type="XML" />
      <removed_mapping ext="skill" approved="true" type="XML" />
      <removed_mapping ext="snapshot" approved="true" type="XML" />
      <removed_mapping ext="standardvalueset" approved="true" type="XML" />
      <removed_mapping ext="standardvaluesettranslation" approved="true" type="XML" />
      <removed_mapping ext="subscription" approved="true" type="XML" />
      <removed_mapping ext="synonymdictionary" approved="true" type="XML" />
      <removed_mapping ext="tab" approved="true" type="TSV" />
      <removed_mapping ext="tab" approved="true" type="XML" />
      <removed_mapping ext="territory" approved="true" type="XML" />
      <removed_mapping ext="territory2" approved="true" type="XML" />
      <removed_mapping ext="territory2model" approved="true" type="XML" />
      <removed_mapping ext="territory2rule" approved="true" type="XML" />
      <removed_mapping ext="territory2type" approved="true" type="XML" />
      <removed_mapping ext="testsuite" approved="true" type="XML" />
      <removed_mapping ext="timesheettemplate" approved="true" type="XML" />
      <removed_mapping ext="topicsforobjects" approved="true" type="XML" />
      <removed_mapping ext="transactionsecuritypolicy" approved="true" type="XML" />
      <removed_mapping ext="translation" approved="true" type="XML" />
      <removed_mapping ext="tsv" approved="true" type="CSV/TSV" />
      <removed_mapping ext="usercriteria" approved="true" type="XML" />
      <removed_mapping ext="userprovisioningconfig" approved="true" type="XML" />
      <removed_mapping ext="wapp" approved="true" type="XML" />
      <removed_mapping ext="wdash" approved="true" type="JSON" />
      <removed_mapping ext="wdf" approved="true" type="JSON" />
      <removed_mapping ext="wdpr" approved="true" type="JSON" />
      <removed_mapping ext="wds" approved="true" type="XML" />
      <removed_mapping ext="weblink" approved="true" type="XML" />
      <removed_mapping ext="webstoretemplate" approved="true" type="XML" />
      <removed_mapping ext="wlens" approved="true" type="JSON" />
      <removed_mapping ext="workflow" approved="true" type="XML" />
      <removed_mapping ext="workskillrouting" approved="true" type="XML" />
      <removed_mapping ext="xmd" approved="true" type="XML" />
      <mapping ext="gradle.kts" type="Kotlin" />
      <mapping ext="main.kts" type="Kotlin" />
      <mapping ext="space.kts" type="Kotlin" />
    </extensionMap>
  </component>
</application>