<application>
  <component name="DefaultFont">
    <option name="VERSION" value="1" />
    <option name="FONT_SIZE" value="34" />
    <option name="FONT_SIZE_2D" value="34.0" />
    <option name="FONT_FAMILY" value="Dank Mono" />
    <option name="FONT_BOLD_SUB_FAMILY" value="Regular" />
    <option name="FONT_SCALE" value="2.5" />
    <option name="LINE_SPACING" value="1.4" />
    <option name="USE_LIGATURES" value="true" />
    <option name="SECONDARY_FONT_FAMILY" value="Fira Code" />
  </component>
</application>