<application>
  <component name="ProjectJdkTable">
    <jdk version="2">
      <name value="corretto-18" />
      <type value="JavaSDK" />
      <version value="Amazon Corretto version 18.0.2" />
      <homePath value="$USER_HOME$/.jdks/corretto-18.0.2" />
      <roots>
        <annotationsPath>
          <root type="composite">
            <root url="jar://$APPLICATION_HOME_DIR$/plugins/java/lib/resources/jdkAnnotations.jar!/" type="simple" />
          </root>
        </annotationsPath>
        <classPath>
          <root type="composite">
            <root url="jrt:///home/franck/.jdks/corretto-18.0.2!/java.base" type="simple" />
            <root url="jrt:///home/franck/.jdks/corretto-18.0.2!/java.compiler" type="simple" />
            <root url="jrt:///home/franck/.jdks/corretto-18.0.2!/java.datatransfer" type="simple" />
            <root url="jrt:///home/franck/.jdks/corretto-18.0.2!/java.desktop" type="simple" />
            <root url="jrt:///home/franck/.jdks/corretto-18.0.2!/java.instrument" type="simple" />
            <root url="jrt:///home/franck/.jdks/corretto-18.0.2!/java.logging" type="simple" />
            <root url="jrt:///home/franck/.jdks/corretto-18.0.2!/java.management" type="simple" />
            <root url="jrt:///home/franck/.jdks/corretto-18.0.2!/java.management.rmi" type="simple" />
            <root url="jrt:///home/franck/.jdks/corretto-18.0.2!/java.naming" type="simple" />
            <root url="jrt:///home/franck/.jdks/corretto-18.0.2!/java.net.http" type="simple" />
            <root url="jrt:///home/franck/.jdks/corretto-18.0.2!/java.prefs" type="simple" />
            <root url="jrt:///home/franck/.jdks/corretto-18.0.2!/java.rmi" type="simple" />
            <root url="jrt:///home/franck/.jdks/corretto-18.0.2!/java.scripting" type="simple" />
            <root url="jrt:///home/franck/.jdks/corretto-18.0.2!/java.se" type="simple" />
            <root url="jrt:///home/franck/.jdks/corretto-18.0.2!/java.security.jgss" type="simple" />
            <root url="jrt:///home/franck/.jdks/corretto-18.0.2!/java.security.sasl" type="simple" />
            <root url="jrt:///home/franck/.jdks/corretto-18.0.2!/java.smartcardio" type="simple" />
            <root url="jrt:///home/franck/.jdks/corretto-18.0.2!/java.sql" type="simple" />
            <root url="jrt:///home/franck/.jdks/corretto-18.0.2!/java.sql.rowset" type="simple" />
            <root url="jrt:///home/franck/.jdks/corretto-18.0.2!/java.transaction.xa" type="simple" />
            <root url="jrt:///home/franck/.jdks/corretto-18.0.2!/java.xml" type="simple" />
            <root url="jrt:///home/franck/.jdks/corretto-18.0.2!/java.xml.crypto" type="simple" />
            <root url="jrt:///home/franck/.jdks/corretto-18.0.2!/jdk.accessibility" type="simple" />
            <root url="jrt:///home/franck/.jdks/corretto-18.0.2!/jdk.attach" type="simple" />
            <root url="jrt:///home/franck/.jdks/corretto-18.0.2!/jdk.charsets" type="simple" />
            <root url="jrt:///home/franck/.jdks/corretto-18.0.2!/jdk.compiler" type="simple" />
            <root url="jrt:///home/franck/.jdks/corretto-18.0.2!/jdk.crypto.cryptoki" type="simple" />
            <root url="jrt:///home/franck/.jdks/corretto-18.0.2!/jdk.crypto.ec" type="simple" />
            <root url="jrt:///home/franck/.jdks/corretto-18.0.2!/jdk.dynalink" type="simple" />
            <root url="jrt:///home/franck/.jdks/corretto-18.0.2!/jdk.editpad" type="simple" />
            <root url="jrt:///home/franck/.jdks/corretto-18.0.2!/jdk.hotspot.agent" type="simple" />
            <root url="jrt:///home/franck/.jdks/corretto-18.0.2!/jdk.httpserver" type="simple" />
            <root url="jrt:///home/franck/.jdks/corretto-18.0.2!/jdk.incubator.foreign" type="simple" />
            <root url="jrt:///home/franck/.jdks/corretto-18.0.2!/jdk.incubator.vector" type="simple" />
            <root url="jrt:///home/franck/.jdks/corretto-18.0.2!/jdk.internal.ed" type="simple" />
            <root url="jrt:///home/franck/.jdks/corretto-18.0.2!/jdk.internal.jvmstat" type="simple" />
            <root url="jrt:///home/franck/.jdks/corretto-18.0.2!/jdk.internal.le" type="simple" />
            <root url="jrt:///home/franck/.jdks/corretto-18.0.2!/jdk.internal.opt" type="simple" />
            <root url="jrt:///home/franck/.jdks/corretto-18.0.2!/jdk.internal.vm.ci" type="simple" />
            <root url="jrt:///home/franck/.jdks/corretto-18.0.2!/jdk.internal.vm.compiler" type="simple" />
            <root url="jrt:///home/franck/.jdks/corretto-18.0.2!/jdk.internal.vm.compiler.management" type="simple" />
            <root url="jrt:///home/franck/.jdks/corretto-18.0.2!/jdk.jartool" type="simple" />
            <root url="jrt:///home/franck/.jdks/corretto-18.0.2!/jdk.javadoc" type="simple" />
            <root url="jrt:///home/franck/.jdks/corretto-18.0.2!/jdk.jcmd" type="simple" />
            <root url="jrt:///home/franck/.jdks/corretto-18.0.2!/jdk.jconsole" type="simple" />
            <root url="jrt:///home/franck/.jdks/corretto-18.0.2!/jdk.jdeps" type="simple" />
            <root url="jrt:///home/franck/.jdks/corretto-18.0.2!/jdk.jdi" type="simple" />
            <root url="jrt:///home/franck/.jdks/corretto-18.0.2!/jdk.jdwp.agent" type="simple" />
            <root url="jrt:///home/franck/.jdks/corretto-18.0.2!/jdk.jfr" type="simple" />
            <root url="jrt:///home/franck/.jdks/corretto-18.0.2!/jdk.jlink" type="simple" />
            <root url="jrt:///home/franck/.jdks/corretto-18.0.2!/jdk.jpackage" type="simple" />
            <root url="jrt:///home/franck/.jdks/corretto-18.0.2!/jdk.jshell" type="simple" />
            <root url="jrt:///home/franck/.jdks/corretto-18.0.2!/jdk.jsobject" type="simple" />
            <root url="jrt:///home/franck/.jdks/corretto-18.0.2!/jdk.jstatd" type="simple" />
            <root url="jrt:///home/franck/.jdks/corretto-18.0.2!/jdk.localedata" type="simple" />
            <root url="jrt:///home/franck/.jdks/corretto-18.0.2!/jdk.management" type="simple" />
            <root url="jrt:///home/franck/.jdks/corretto-18.0.2!/jdk.management.agent" type="simple" />
            <root url="jrt:///home/franck/.jdks/corretto-18.0.2!/jdk.management.jfr" type="simple" />
            <root url="jrt:///home/franck/.jdks/corretto-18.0.2!/jdk.naming.dns" type="simple" />
            <root url="jrt:///home/franck/.jdks/corretto-18.0.2!/jdk.naming.rmi" type="simple" />
            <root url="jrt:///home/franck/.jdks/corretto-18.0.2!/jdk.net" type="simple" />
            <root url="jrt:///home/franck/.jdks/corretto-18.0.2!/jdk.nio.mapmode" type="simple" />
            <root url="jrt:///home/franck/.jdks/corretto-18.0.2!/jdk.random" type="simple" />
            <root url="jrt:///home/franck/.jdks/corretto-18.0.2!/jdk.sctp" type="simple" />
            <root url="jrt:///home/franck/.jdks/corretto-18.0.2!/jdk.security.auth" type="simple" />
            <root url="jrt:///home/franck/.jdks/corretto-18.0.2!/jdk.security.jgss" type="simple" />
            <root url="jrt:///home/franck/.jdks/corretto-18.0.2!/jdk.unsupported" type="simple" />
            <root url="jrt:///home/franck/.jdks/corretto-18.0.2!/jdk.unsupported.desktop" type="simple" />
            <root url="jrt:///home/franck/.jdks/corretto-18.0.2!/jdk.xml.dom" type="simple" />
            <root url="jrt:///home/franck/.jdks/corretto-18.0.2!/jdk.zipfs" type="simple" />
          </root>
        </classPath>
        <javadocPath>
          <root type="composite" />
        </javadocPath>
        <sourcePath>
          <root type="composite">
            <root url="jar://$USER_HOME$/.jdks/corretto-18.0.2/lib/src.zip!/java.se" type="simple" />
            <root url="jar://$USER_HOME$/.jdks/corretto-18.0.2/lib/src.zip!/jdk.jdi" type="simple" />
            <root url="jar://$USER_HOME$/.jdks/corretto-18.0.2/lib/src.zip!/jdk.jfr" type="simple" />
            <root url="jar://$USER_HOME$/.jdks/corretto-18.0.2/lib/src.zip!/jdk.net" type="simple" />
            <root url="jar://$USER_HOME$/.jdks/corretto-18.0.2/lib/src.zip!/java.rmi" type="simple" />
            <root url="jar://$USER_HOME$/.jdks/corretto-18.0.2/lib/src.zip!/java.sql" type="simple" />
            <root url="jar://$USER_HOME$/.jdks/corretto-18.0.2/lib/src.zip!/java.xml" type="simple" />
            <root url="jar://$USER_HOME$/.jdks/corretto-18.0.2/lib/src.zip!/jdk.jcmd" type="simple" />
            <root url="jar://$USER_HOME$/.jdks/corretto-18.0.2/lib/src.zip!/jdk.sctp" type="simple" />
            <root url="jar://$USER_HOME$/.jdks/corretto-18.0.2/lib/src.zip!/java.base" type="simple" />
            <root url="jar://$USER_HOME$/.jdks/corretto-18.0.2/lib/src.zip!/jdk.jdeps" type="simple" />
            <root url="jar://$USER_HOME$/.jdks/corretto-18.0.2/lib/src.zip!/jdk.jlink" type="simple" />
            <root url="jar://$USER_HOME$/.jdks/corretto-18.0.2/lib/src.zip!/jdk.zipfs" type="simple" />
            <root url="jar://$USER_HOME$/.jdks/corretto-18.0.2/lib/src.zip!/java.prefs" type="simple" />
            <root url="jar://$USER_HOME$/.jdks/corretto-18.0.2/lib/src.zip!/jdk.attach" type="simple" />
            <root url="jar://$USER_HOME$/.jdks/corretto-18.0.2/lib/src.zip!/jdk.jshell" type="simple" />
            <root url="jar://$USER_HOME$/.jdks/corretto-18.0.2/lib/src.zip!/jdk.jstatd" type="simple" />
            <root url="jar://$USER_HOME$/.jdks/corretto-18.0.2/lib/src.zip!/jdk.random" type="simple" />
            <root url="jar://$USER_HOME$/.jdks/corretto-18.0.2/lib/src.zip!/java.naming" type="simple" />
            <root url="jar://$USER_HOME$/.jdks/corretto-18.0.2/lib/src.zip!/jdk.editpad" type="simple" />
            <root url="jar://$USER_HOME$/.jdks/corretto-18.0.2/lib/src.zip!/jdk.jartool" type="simple" />
            <root url="jar://$USER_HOME$/.jdks/corretto-18.0.2/lib/src.zip!/jdk.javadoc" type="simple" />
            <root url="jar://$USER_HOME$/.jdks/corretto-18.0.2/lib/src.zip!/jdk.xml.dom" type="simple" />
            <root url="jar://$USER_HOME$/.jdks/corretto-18.0.2/lib/src.zip!/java.desktop" type="simple" />
            <root url="jar://$USER_HOME$/.jdks/corretto-18.0.2/lib/src.zip!/java.logging" type="simple" />
            <root url="jar://$USER_HOME$/.jdks/corretto-18.0.2/lib/src.zip!/jdk.charsets" type="simple" />
            <root url="jar://$USER_HOME$/.jdks/corretto-18.0.2/lib/src.zip!/jdk.compiler" type="simple" />
            <root url="jar://$USER_HOME$/.jdks/corretto-18.0.2/lib/src.zip!/jdk.dynalink" type="simple" />
            <root url="jar://$USER_HOME$/.jdks/corretto-18.0.2/lib/src.zip!/jdk.jconsole" type="simple" />
            <root url="jar://$USER_HOME$/.jdks/corretto-18.0.2/lib/src.zip!/jdk.jpackage" type="simple" />
            <root url="jar://$USER_HOME$/.jdks/corretto-18.0.2/lib/src.zip!/jdk.jsobject" type="simple" />
            <root url="jar://$USER_HOME$/.jdks/corretto-18.0.2/lib/src.zip!/java.compiler" type="simple" />
            <root url="jar://$USER_HOME$/.jdks/corretto-18.0.2/lib/src.zip!/java.net.http" type="simple" />
            <root url="jar://$USER_HOME$/.jdks/corretto-18.0.2/lib/src.zip!/jdk.crypto.ec" type="simple" />
            <root url="jar://$USER_HOME$/.jdks/corretto-18.0.2/lib/src.zip!/java.scripting" type="simple" />
            <root url="jar://$USER_HOME$/.jdks/corretto-18.0.2/lib/src.zip!/jdk.httpserver" type="simple" />
            <root url="jar://$USER_HOME$/.jdks/corretto-18.0.2/lib/src.zip!/jdk.jdwp.agent" type="simple" />
            <root url="jar://$USER_HOME$/.jdks/corretto-18.0.2/lib/src.zip!/jdk.localedata" type="simple" />
            <root url="jar://$USER_HOME$/.jdks/corretto-18.0.2/lib/src.zip!/jdk.management" type="simple" />
            <root url="jar://$USER_HOME$/.jdks/corretto-18.0.2/lib/src.zip!/jdk.naming.dns" type="simple" />
            <root url="jar://$USER_HOME$/.jdks/corretto-18.0.2/lib/src.zip!/jdk.naming.rmi" type="simple" />
            <root url="jar://$USER_HOME$/.jdks/corretto-18.0.2/lib/src.zip!/java.instrument" type="simple" />
            <root url="jar://$USER_HOME$/.jdks/corretto-18.0.2/lib/src.zip!/java.management" type="simple" />
            <root url="jar://$USER_HOME$/.jdks/corretto-18.0.2/lib/src.zip!/java.sql.rowset" type="simple" />
            <root url="jar://$USER_HOME$/.jdks/corretto-18.0.2/lib/src.zip!/java.xml.crypto" type="simple" />
            <root url="jar://$USER_HOME$/.jdks/corretto-18.0.2/lib/src.zip!/jdk.internal.ed" type="simple" />
            <root url="jar://$USER_HOME$/.jdks/corretto-18.0.2/lib/src.zip!/jdk.internal.le" type="simple" />
            <root url="jar://$USER_HOME$/.jdks/corretto-18.0.2/lib/src.zip!/jdk.nio.mapmode" type="simple" />
            <root url="jar://$USER_HOME$/.jdks/corretto-18.0.2/lib/src.zip!/jdk.unsupported" type="simple" />
            <root url="jar://$USER_HOME$/.jdks/corretto-18.0.2/lib/src.zip!/java.smartcardio" type="simple" />
            <root url="jar://$USER_HOME$/.jdks/corretto-18.0.2/lib/src.zip!/jdk.internal.opt" type="simple" />
            <root url="jar://$USER_HOME$/.jdks/corretto-18.0.2/lib/src.zip!/java.datatransfer" type="simple" />
            <root url="jar://$USER_HOME$/.jdks/corretto-18.0.2/lib/src.zip!/jdk.accessibility" type="simple" />
            <root url="jar://$USER_HOME$/.jdks/corretto-18.0.2/lib/src.zip!/jdk.hotspot.agent" type="simple" />
            <root url="jar://$USER_HOME$/.jdks/corretto-18.0.2/lib/src.zip!/jdk.security.auth" type="simple" />
            <root url="jar://$USER_HOME$/.jdks/corretto-18.0.2/lib/src.zip!/jdk.security.jgss" type="simple" />
            <root url="jar://$USER_HOME$/.jdks/corretto-18.0.2/lib/src.zip!/java.security.jgss" type="simple" />
            <root url="jar://$USER_HOME$/.jdks/corretto-18.0.2/lib/src.zip!/java.security.sasl" type="simple" />
            <root url="jar://$USER_HOME$/.jdks/corretto-18.0.2/lib/src.zip!/jdk.internal.vm.ci" type="simple" />
            <root url="jar://$USER_HOME$/.jdks/corretto-18.0.2/lib/src.zip!/jdk.management.jfr" type="simple" />
            <root url="jar://$USER_HOME$/.jdks/corretto-18.0.2/lib/src.zip!/java.management.rmi" type="simple" />
            <root url="jar://$USER_HOME$/.jdks/corretto-18.0.2/lib/src.zip!/java.transaction.xa" type="simple" />
            <root url="jar://$USER_HOME$/.jdks/corretto-18.0.2/lib/src.zip!/jdk.crypto.cryptoki" type="simple" />
            <root url="jar://$USER_HOME$/.jdks/corretto-18.0.2/lib/src.zip!/jdk.incubator.vector" type="simple" />
            <root url="jar://$USER_HOME$/.jdks/corretto-18.0.2/lib/src.zip!/jdk.internal.jvmstat" type="simple" />
            <root url="jar://$USER_HOME$/.jdks/corretto-18.0.2/lib/src.zip!/jdk.management.agent" type="simple" />
            <root url="jar://$USER_HOME$/.jdks/corretto-18.0.2/lib/src.zip!/jdk.incubator.foreign" type="simple" />
            <root url="jar://$USER_HOME$/.jdks/corretto-18.0.2/lib/src.zip!/jdk.unsupported.desktop" type="simple" />
            <root url="jar://$USER_HOME$/.jdks/corretto-18.0.2/lib/src.zip!/jdk.internal.vm.compiler" type="simple" />
            <root url="jar://$USER_HOME$/.jdks/corretto-18.0.2/lib/src.zip!/jdk.internal.vm.compiler.management" type="simple" />
          </root>
        </sourcePath>
      </roots>
      <additional />
    </jdk>
    <jdk version="2">
      <name value="IntelliJ IDEA IU-223.8214.52" />
      <type value="IDEA JDK" />
      <version value="Amazon Corretto version 18.0.2" />
      <homePath value="$APPLICATION_HOME_DIR$" />
      <roots>
        <annotationsPath>
          <root type="composite">
            <root url="jar://$MAVEN_REPOSITORY$/com/jetbrains/intellij/idea/ideaIU/223.8214.52/ideaIU-223.8214.52-annotations.zip!/" type="simple" />
          </root>
        </annotationsPath>
        <classPath>
          <root type="composite">
            <root url="jar://$APPLICATION_HOME_DIR$/lib/3rd-party-native.jar!/" type="simple" />
            <root url="jar://$APPLICATION_HOME_DIR$/lib/junit4.jar!/" type="simple" />
            <root url="jar://$APPLICATION_HOME_DIR$/lib/jsp-base.jar!/" type="simple" />
            <root url="jar://$APPLICATION_HOME_DIR$/lib/groovy.jar!/" type="simple" />
            <root url="jar://$APPLICATION_HOME_DIR$/lib/jsch-agent.jar!/" type="simple" />
            <root url="jar://$APPLICATION_HOME_DIR$/lib/intellij-coverage-agent-1.0.682.jar!/" type="simple" />
            <root url="jar://$APPLICATION_HOME_DIR$/lib/platform-objectSerializer-annotations.jar!/" type="simple" />
            <root url="jar://$APPLICATION_HOME_DIR$/lib/async-profiler-windows.jar!/" type="simple" />
            <root url="jar://$APPLICATION_HOME_DIR$/lib/protobuf.jar!/" type="simple" />
            <root url="jar://$APPLICATION_HOME_DIR$/lib/externalProcess-rt.jar!/" type="simple" />
            <root url="jar://$APPLICATION_HOME_DIR$/lib/testFramework.jar!/" type="simple" />
            <root url="jar://$APPLICATION_HOME_DIR$/lib/platform-statistics-devkit.jar!/" type="simple" />
            <root url="jar://$APPLICATION_HOME_DIR$/lib/idea_rt.jar!/" type="simple" />
            <root url="jar://$APPLICATION_HOME_DIR$/lib/util.jar!/" type="simple" />
            <root url="jar://$APPLICATION_HOME_DIR$/lib/async-profiler.jar!/" type="simple" />
            <root url="jar://$APPLICATION_HOME_DIR$/lib/3rd-party-rt.jar!/" type="simple" />
            <root url="jar://$APPLICATION_HOME_DIR$/lib/intellij-test-discovery.jar!/" type="simple" />
            <root url="jar://$APPLICATION_HOME_DIR$/lib/tools-testsBootstrap.jar!/" type="simple" />
            <root url="jar://$APPLICATION_HOME_DIR$/lib/stats.jar!/" type="simple" />
            <root url="jar://$APPLICATION_HOME_DIR$/lib/util_rt.jar!/" type="simple" />
            <root url="jar://$APPLICATION_HOME_DIR$/lib/jps-model.jar!/" type="simple" />
            <root url="jar://$APPLICATION_HOME_DIR$/lib/rd.jar!/" type="simple" />
            <root url="jar://$APPLICATION_HOME_DIR$/lib/external-system-rt.jar!/" type="simple" />
            <root url="jar://$APPLICATION_HOME_DIR$/lib/byte-buddy-agent.jar!/" type="simple" />
            <root url="jar://$APPLICATION_HOME_DIR$/lib/annotations.jar!/" type="simple" />
            <root url="jar://$APPLICATION_HOME_DIR$/lib/error-prone-annotations.jar!/" type="simple" />
            <root url="jar://$APPLICATION_HOME_DIR$/lib/forms_rt.jar!/" type="simple" />
            <root url="jar://$APPLICATION_HOME_DIR$/lib/app.jar!/" type="simple" />
            <root url="jar://$APPLICATION_HOME_DIR$/plugins/java/lib/jps-builders-6.jar!/" type="simple" />
            <root url="jar://$APPLICATION_HOME_DIR$/plugins/java/lib/javac2.jar!/" type="simple" />
            <root url="jar://$APPLICATION_HOME_DIR$/plugins/java/lib/java-impl.jar!/" type="simple" />
            <root url="jar://$APPLICATION_HOME_DIR$/plugins/java/lib/jshell-frontend.jar!/" type="simple" />
            <root url="jar://$APPLICATION_HOME_DIR$/plugins/java/lib/debugger-memory-agent.jar!/" type="simple" />
            <root url="jar://$APPLICATION_HOME_DIR$/plugins/java/lib/sa-jdwp.jar!/" type="simple" />
            <root url="jar://$APPLICATION_HOME_DIR$/plugins/java/lib/jb-jdi.jar!/" type="simple" />
            <root url="jar://$APPLICATION_HOME_DIR$/plugins/java/lib/jps-javac-extension.jar!/" type="simple" />
            <root url="jar://$APPLICATION_HOME_DIR$/plugins/java/lib/jgoodies-common.jar!/" type="simple" />
            <root url="jar://$APPLICATION_HOME_DIR$/plugins/java/lib/aether-dependency-resolver.jar!/" type="simple" />
            <root url="jar://$APPLICATION_HOME_DIR$/plugins/java/lib/jps-launcher.jar!/" type="simple" />
            <root url="jar://$APPLICATION_HOME_DIR$/plugins/java/lib/jshell-protocol.jar!/" type="simple" />
            <root url="jar://$APPLICATION_HOME_DIR$/plugins/java/lib/jps-builders.jar!/" type="simple" />
            <root url="jar://$APPLICATION_HOME_DIR$/plugins/JavaEE/lib/javaee-rt.jar!/" type="simple" />
            <root url="jar://$APPLICATION_HOME_DIR$/plugins/JavaEE/lib/javaee-openapi.jar!/" type="simple" />
            <root url="jar://$APPLICATION_HOME_DIR$/plugins/JavaEE/lib/javaee-platform.jar!/" type="simple" />
            <root url="jar://$APPLICATION_HOME_DIR$/plugins/JavaEE/lib/javaee-jps.jar!/" type="simple" />
            <root url="jar://$APPLICATION_HOME_DIR$/plugins/JavaEE/lib/jasper-v2-rt.jar!/" type="simple" />
            <root url="jar://$APPLICATION_HOME_DIR$/plugins/DatabaseTools/lib/database-openapi.jar!/" type="simple" />
            <root url="jar://$APPLICATION_HOME_DIR$/plugins/DatabaseTools/lib/database-plugin.jar!/" type="simple" />
            <root url="jar://$APPLICATION_HOME_DIR$/plugins/DatabaseTools/lib/aether-dependency-resolver.jar!/" type="simple" />
            <root url="jrt:///home/franck/.jdks/corretto-18.0.2!/java.base" type="simple" />
            <root url="jrt:///home/franck/.jdks/corretto-18.0.2!/java.compiler" type="simple" />
            <root url="jrt:///home/franck/.jdks/corretto-18.0.2!/java.datatransfer" type="simple" />
            <root url="jrt:///home/franck/.jdks/corretto-18.0.2!/java.desktop" type="simple" />
            <root url="jrt:///home/franck/.jdks/corretto-18.0.2!/java.instrument" type="simple" />
            <root url="jrt:///home/franck/.jdks/corretto-18.0.2!/java.logging" type="simple" />
            <root url="jrt:///home/franck/.jdks/corretto-18.0.2!/java.management" type="simple" />
            <root url="jrt:///home/franck/.jdks/corretto-18.0.2!/java.management.rmi" type="simple" />
            <root url="jrt:///home/franck/.jdks/corretto-18.0.2!/java.naming" type="simple" />
            <root url="jrt:///home/franck/.jdks/corretto-18.0.2!/java.net.http" type="simple" />
            <root url="jrt:///home/franck/.jdks/corretto-18.0.2!/java.prefs" type="simple" />
            <root url="jrt:///home/franck/.jdks/corretto-18.0.2!/java.rmi" type="simple" />
            <root url="jrt:///home/franck/.jdks/corretto-18.0.2!/java.scripting" type="simple" />
            <root url="jrt:///home/franck/.jdks/corretto-18.0.2!/java.se" type="simple" />
            <root url="jrt:///home/franck/.jdks/corretto-18.0.2!/java.security.jgss" type="simple" />
            <root url="jrt:///home/franck/.jdks/corretto-18.0.2!/java.security.sasl" type="simple" />
            <root url="jrt:///home/franck/.jdks/corretto-18.0.2!/java.smartcardio" type="simple" />
            <root url="jrt:///home/franck/.jdks/corretto-18.0.2!/java.sql" type="simple" />
            <root url="jrt:///home/franck/.jdks/corretto-18.0.2!/java.sql.rowset" type="simple" />
            <root url="jrt:///home/franck/.jdks/corretto-18.0.2!/java.transaction.xa" type="simple" />
            <root url="jrt:///home/franck/.jdks/corretto-18.0.2!/java.xml" type="simple" />
            <root url="jrt:///home/franck/.jdks/corretto-18.0.2!/java.xml.crypto" type="simple" />
            <root url="jrt:///home/franck/.jdks/corretto-18.0.2!/jdk.accessibility" type="simple" />
            <root url="jrt:///home/franck/.jdks/corretto-18.0.2!/jdk.attach" type="simple" />
            <root url="jrt:///home/franck/.jdks/corretto-18.0.2!/jdk.charsets" type="simple" />
            <root url="jrt:///home/franck/.jdks/corretto-18.0.2!/jdk.compiler" type="simple" />
            <root url="jrt:///home/franck/.jdks/corretto-18.0.2!/jdk.crypto.cryptoki" type="simple" />
            <root url="jrt:///home/franck/.jdks/corretto-18.0.2!/jdk.crypto.ec" type="simple" />
            <root url="jrt:///home/franck/.jdks/corretto-18.0.2!/jdk.dynalink" type="simple" />
            <root url="jrt:///home/franck/.jdks/corretto-18.0.2!/jdk.editpad" type="simple" />
            <root url="jrt:///home/franck/.jdks/corretto-18.0.2!/jdk.hotspot.agent" type="simple" />
            <root url="jrt:///home/franck/.jdks/corretto-18.0.2!/jdk.httpserver" type="simple" />
            <root url="jrt:///home/franck/.jdks/corretto-18.0.2!/jdk.incubator.foreign" type="simple" />
            <root url="jrt:///home/franck/.jdks/corretto-18.0.2!/jdk.incubator.vector" type="simple" />
            <root url="jrt:///home/franck/.jdks/corretto-18.0.2!/jdk.internal.ed" type="simple" />
            <root url="jrt:///home/franck/.jdks/corretto-18.0.2!/jdk.internal.jvmstat" type="simple" />
            <root url="jrt:///home/franck/.jdks/corretto-18.0.2!/jdk.internal.le" type="simple" />
            <root url="jrt:///home/franck/.jdks/corretto-18.0.2!/jdk.internal.opt" type="simple" />
            <root url="jrt:///home/franck/.jdks/corretto-18.0.2!/jdk.internal.vm.ci" type="simple" />
            <root url="jrt:///home/franck/.jdks/corretto-18.0.2!/jdk.internal.vm.compiler" type="simple" />
            <root url="jrt:///home/franck/.jdks/corretto-18.0.2!/jdk.internal.vm.compiler.management" type="simple" />
            <root url="jrt:///home/franck/.jdks/corretto-18.0.2!/jdk.jartool" type="simple" />
            <root url="jrt:///home/franck/.jdks/corretto-18.0.2!/jdk.javadoc" type="simple" />
            <root url="jrt:///home/franck/.jdks/corretto-18.0.2!/jdk.jcmd" type="simple" />
            <root url="jrt:///home/franck/.jdks/corretto-18.0.2!/jdk.jconsole" type="simple" />
            <root url="jrt:///home/franck/.jdks/corretto-18.0.2!/jdk.jdeps" type="simple" />
            <root url="jrt:///home/franck/.jdks/corretto-18.0.2!/jdk.jdi" type="simple" />
            <root url="jrt:///home/franck/.jdks/corretto-18.0.2!/jdk.jdwp.agent" type="simple" />
            <root url="jrt:///home/franck/.jdks/corretto-18.0.2!/jdk.jfr" type="simple" />
            <root url="jrt:///home/franck/.jdks/corretto-18.0.2!/jdk.jlink" type="simple" />
            <root url="jrt:///home/franck/.jdks/corretto-18.0.2!/jdk.jpackage" type="simple" />
            <root url="jrt:///home/franck/.jdks/corretto-18.0.2!/jdk.jshell" type="simple" />
            <root url="jrt:///home/franck/.jdks/corretto-18.0.2!/jdk.jsobject" type="simple" />
            <root url="jrt:///home/franck/.jdks/corretto-18.0.2!/jdk.jstatd" type="simple" />
            <root url="jrt:///home/franck/.jdks/corretto-18.0.2!/jdk.localedata" type="simple" />
            <root url="jrt:///home/franck/.jdks/corretto-18.0.2!/jdk.management" type="simple" />
            <root url="jrt:///home/franck/.jdks/corretto-18.0.2!/jdk.management.agent" type="simple" />
            <root url="jrt:///home/franck/.jdks/corretto-18.0.2!/jdk.management.jfr" type="simple" />
            <root url="jrt:///home/franck/.jdks/corretto-18.0.2!/jdk.naming.dns" type="simple" />
            <root url="jrt:///home/franck/.jdks/corretto-18.0.2!/jdk.naming.rmi" type="simple" />
            <root url="jrt:///home/franck/.jdks/corretto-18.0.2!/jdk.net" type="simple" />
            <root url="jrt:///home/franck/.jdks/corretto-18.0.2!/jdk.nio.mapmode" type="simple" />
            <root url="jrt:///home/franck/.jdks/corretto-18.0.2!/jdk.random" type="simple" />
            <root url="jrt:///home/franck/.jdks/corretto-18.0.2!/jdk.sctp" type="simple" />
            <root url="jrt:///home/franck/.jdks/corretto-18.0.2!/jdk.security.auth" type="simple" />
            <root url="jrt:///home/franck/.jdks/corretto-18.0.2!/jdk.security.jgss" type="simple" />
            <root url="jrt:///home/franck/.jdks/corretto-18.0.2!/jdk.unsupported" type="simple" />
            <root url="jrt:///home/franck/.jdks/corretto-18.0.2!/jdk.unsupported.desktop" type="simple" />
            <root url="jrt:///home/franck/.jdks/corretto-18.0.2!/jdk.xml.dom" type="simple" />
            <root url="jrt:///home/franck/.jdks/corretto-18.0.2!/jdk.zipfs" type="simple" />
          </root>
        </classPath>
        <javadocPath>
          <root type="composite" />
        </javadocPath>
        <sourcePath>
          <root type="composite">
            <root url="jar://$APPLICATION_HOME_DIR$/lib/src/src_database-openapi.zip!/" type="simple" />
            <root url="jar://$APPLICATION_HOME_DIR$/lib/src/src_javaee-openapi.zip!/" type="simple" />
            <root url="jar://$APPLICATION_HOME_DIR$/lib/src/src_spring-boot-openapi.zip!/" type="simple" />
            <root url="jar://$APPLICATION_HOME_DIR$/lib/src/src_persistence-openapi.zip!/" type="simple" />
            <root url="jar://$APPLICATION_HOME_DIR$/lib/src/src_css-api.zip!/" type="simple" />
            <root url="jar://$APPLICATION_HOME_DIR$/lib/src/src_tomcat.zip!/" type="simple" />
            <root url="jar://$APPLICATION_HOME_DIR$/lib/src/src_jam-openapi.zip!/" type="simple" />
            <root url="jar://$APPLICATION_HOME_DIR$/lib/src/src_spring-openapi.zip!/" type="simple" />
            <root url="jar://$USER_HOME$/.jdks/corretto-18.0.2/lib/src.zip!/java.se" type="simple" />
            <root url="jar://$USER_HOME$/.jdks/corretto-18.0.2/lib/src.zip!/jdk.jdi" type="simple" />
            <root url="jar://$USER_HOME$/.jdks/corretto-18.0.2/lib/src.zip!/jdk.jfr" type="simple" />
            <root url="jar://$USER_HOME$/.jdks/corretto-18.0.2/lib/src.zip!/jdk.net" type="simple" />
            <root url="jar://$USER_HOME$/.jdks/corretto-18.0.2/lib/src.zip!/java.rmi" type="simple" />
            <root url="jar://$USER_HOME$/.jdks/corretto-18.0.2/lib/src.zip!/java.sql" type="simple" />
            <root url="jar://$USER_HOME$/.jdks/corretto-18.0.2/lib/src.zip!/java.xml" type="simple" />
            <root url="jar://$USER_HOME$/.jdks/corretto-18.0.2/lib/src.zip!/jdk.jcmd" type="simple" />
            <root url="jar://$USER_HOME$/.jdks/corretto-18.0.2/lib/src.zip!/jdk.sctp" type="simple" />
            <root url="jar://$USER_HOME$/.jdks/corretto-18.0.2/lib/src.zip!/java.base" type="simple" />
            <root url="jar://$USER_HOME$/.jdks/corretto-18.0.2/lib/src.zip!/jdk.jdeps" type="simple" />
            <root url="jar://$USER_HOME$/.jdks/corretto-18.0.2/lib/src.zip!/jdk.jlink" type="simple" />
            <root url="jar://$USER_HOME$/.jdks/corretto-18.0.2/lib/src.zip!/jdk.zipfs" type="simple" />
            <root url="jar://$USER_HOME$/.jdks/corretto-18.0.2/lib/src.zip!/java.prefs" type="simple" />
            <root url="jar://$USER_HOME$/.jdks/corretto-18.0.2/lib/src.zip!/jdk.attach" type="simple" />
            <root url="jar://$USER_HOME$/.jdks/corretto-18.0.2/lib/src.zip!/jdk.jshell" type="simple" />
            <root url="jar://$USER_HOME$/.jdks/corretto-18.0.2/lib/src.zip!/jdk.jstatd" type="simple" />
            <root url="jar://$USER_HOME$/.jdks/corretto-18.0.2/lib/src.zip!/jdk.random" type="simple" />
            <root url="jar://$USER_HOME$/.jdks/corretto-18.0.2/lib/src.zip!/java.naming" type="simple" />
            <root url="jar://$USER_HOME$/.jdks/corretto-18.0.2/lib/src.zip!/jdk.editpad" type="simple" />
            <root url="jar://$USER_HOME$/.jdks/corretto-18.0.2/lib/src.zip!/jdk.jartool" type="simple" />
            <root url="jar://$USER_HOME$/.jdks/corretto-18.0.2/lib/src.zip!/jdk.javadoc" type="simple" />
            <root url="jar://$USER_HOME$/.jdks/corretto-18.0.2/lib/src.zip!/jdk.xml.dom" type="simple" />
            <root url="jar://$USER_HOME$/.jdks/corretto-18.0.2/lib/src.zip!/java.desktop" type="simple" />
            <root url="jar://$USER_HOME$/.jdks/corretto-18.0.2/lib/src.zip!/java.logging" type="simple" />
            <root url="jar://$USER_HOME$/.jdks/corretto-18.0.2/lib/src.zip!/jdk.charsets" type="simple" />
            <root url="jar://$USER_HOME$/.jdks/corretto-18.0.2/lib/src.zip!/jdk.compiler" type="simple" />
            <root url="jar://$USER_HOME$/.jdks/corretto-18.0.2/lib/src.zip!/jdk.dynalink" type="simple" />
            <root url="jar://$USER_HOME$/.jdks/corretto-18.0.2/lib/src.zip!/jdk.jconsole" type="simple" />
            <root url="jar://$USER_HOME$/.jdks/corretto-18.0.2/lib/src.zip!/jdk.jpackage" type="simple" />
            <root url="jar://$USER_HOME$/.jdks/corretto-18.0.2/lib/src.zip!/jdk.jsobject" type="simple" />
            <root url="jar://$USER_HOME$/.jdks/corretto-18.0.2/lib/src.zip!/java.compiler" type="simple" />
            <root url="jar://$USER_HOME$/.jdks/corretto-18.0.2/lib/src.zip!/java.net.http" type="simple" />
            <root url="jar://$USER_HOME$/.jdks/corretto-18.0.2/lib/src.zip!/jdk.crypto.ec" type="simple" />
            <root url="jar://$USER_HOME$/.jdks/corretto-18.0.2/lib/src.zip!/java.scripting" type="simple" />
            <root url="jar://$USER_HOME$/.jdks/corretto-18.0.2/lib/src.zip!/jdk.httpserver" type="simple" />
            <root url="jar://$USER_HOME$/.jdks/corretto-18.0.2/lib/src.zip!/jdk.jdwp.agent" type="simple" />
            <root url="jar://$USER_HOME$/.jdks/corretto-18.0.2/lib/src.zip!/jdk.localedata" type="simple" />
            <root url="jar://$USER_HOME$/.jdks/corretto-18.0.2/lib/src.zip!/jdk.management" type="simple" />
            <root url="jar://$USER_HOME$/.jdks/corretto-18.0.2/lib/src.zip!/jdk.naming.dns" type="simple" />
            <root url="jar://$USER_HOME$/.jdks/corretto-18.0.2/lib/src.zip!/jdk.naming.rmi" type="simple" />
            <root url="jar://$USER_HOME$/.jdks/corretto-18.0.2/lib/src.zip!/java.instrument" type="simple" />
            <root url="jar://$USER_HOME$/.jdks/corretto-18.0.2/lib/src.zip!/java.management" type="simple" />
            <root url="jar://$USER_HOME$/.jdks/corretto-18.0.2/lib/src.zip!/java.sql.rowset" type="simple" />
            <root url="jar://$USER_HOME$/.jdks/corretto-18.0.2/lib/src.zip!/java.xml.crypto" type="simple" />
            <root url="jar://$USER_HOME$/.jdks/corretto-18.0.2/lib/src.zip!/jdk.internal.ed" type="simple" />
            <root url="jar://$USER_HOME$/.jdks/corretto-18.0.2/lib/src.zip!/jdk.internal.le" type="simple" />
            <root url="jar://$USER_HOME$/.jdks/corretto-18.0.2/lib/src.zip!/jdk.nio.mapmode" type="simple" />
            <root url="jar://$USER_HOME$/.jdks/corretto-18.0.2/lib/src.zip!/jdk.unsupported" type="simple" />
            <root url="jar://$USER_HOME$/.jdks/corretto-18.0.2/lib/src.zip!/java.smartcardio" type="simple" />
            <root url="jar://$USER_HOME$/.jdks/corretto-18.0.2/lib/src.zip!/jdk.internal.opt" type="simple" />
            <root url="jar://$USER_HOME$/.jdks/corretto-18.0.2/lib/src.zip!/java.datatransfer" type="simple" />
            <root url="jar://$USER_HOME$/.jdks/corretto-18.0.2/lib/src.zip!/jdk.accessibility" type="simple" />
            <root url="jar://$USER_HOME$/.jdks/corretto-18.0.2/lib/src.zip!/jdk.hotspot.agent" type="simple" />
            <root url="jar://$USER_HOME$/.jdks/corretto-18.0.2/lib/src.zip!/jdk.security.auth" type="simple" />
            <root url="jar://$USER_HOME$/.jdks/corretto-18.0.2/lib/src.zip!/jdk.security.jgss" type="simple" />
            <root url="jar://$USER_HOME$/.jdks/corretto-18.0.2/lib/src.zip!/java.security.jgss" type="simple" />
            <root url="jar://$USER_HOME$/.jdks/corretto-18.0.2/lib/src.zip!/java.security.sasl" type="simple" />
            <root url="jar://$USER_HOME$/.jdks/corretto-18.0.2/lib/src.zip!/jdk.internal.vm.ci" type="simple" />
            <root url="jar://$USER_HOME$/.jdks/corretto-18.0.2/lib/src.zip!/jdk.management.jfr" type="simple" />
            <root url="jar://$USER_HOME$/.jdks/corretto-18.0.2/lib/src.zip!/java.management.rmi" type="simple" />
            <root url="jar://$USER_HOME$/.jdks/corretto-18.0.2/lib/src.zip!/java.transaction.xa" type="simple" />
            <root url="jar://$USER_HOME$/.jdks/corretto-18.0.2/lib/src.zip!/jdk.crypto.cryptoki" type="simple" />
            <root url="jar://$USER_HOME$/.jdks/corretto-18.0.2/lib/src.zip!/jdk.incubator.vector" type="simple" />
            <root url="jar://$USER_HOME$/.jdks/corretto-18.0.2/lib/src.zip!/jdk.internal.jvmstat" type="simple" />
            <root url="jar://$USER_HOME$/.jdks/corretto-18.0.2/lib/src.zip!/jdk.management.agent" type="simple" />
            <root url="jar://$USER_HOME$/.jdks/corretto-18.0.2/lib/src.zip!/jdk.incubator.foreign" type="simple" />
            <root url="jar://$USER_HOME$/.jdks/corretto-18.0.2/lib/src.zip!/jdk.unsupported.desktop" type="simple" />
            <root url="jar://$USER_HOME$/.jdks/corretto-18.0.2/lib/src.zip!/jdk.internal.vm.compiler" type="simple" />
            <root url="jar://$USER_HOME$/.jdks/corretto-18.0.2/lib/src.zip!/jdk.internal.vm.compiler.management" type="simple" />
          </root>
        </sourcePath>
      </roots>
      <additional sdk="corretto-18">
        <option name="mySandboxHome" value="$USER_HOME$/.cache/JetBrains/IntelliJIdea2022.3/plugins-sandbox" />
      </additional>
    </jdk>
    <jdk version="2">
      <name value="11" />
      <type value="JavaSDK" />
      <version value="Amazon Corretto version 11.0.17" />
      <homePath value="$USER_HOME$/.jdks/corretto-11.0.17" />
      <roots>
        <annotationsPath>
          <root type="composite">
            <root url="jar://$APPLICATION_HOME_DIR$/plugins/java/lib/resources/jdkAnnotations.jar!/" type="simple" />
          </root>
        </annotationsPath>
        <classPath>
          <root type="composite">
            <root url="jrt:///home/franck/.jdks/corretto-11.0.17!/java.base" type="simple" />
            <root url="jrt:///home/franck/.jdks/corretto-11.0.17!/java.compiler" type="simple" />
            <root url="jrt:///home/franck/.jdks/corretto-11.0.17!/java.datatransfer" type="simple" />
            <root url="jrt:///home/franck/.jdks/corretto-11.0.17!/java.desktop" type="simple" />
            <root url="jrt:///home/franck/.jdks/corretto-11.0.17!/java.instrument" type="simple" />
            <root url="jrt:///home/franck/.jdks/corretto-11.0.17!/java.logging" type="simple" />
            <root url="jrt:///home/franck/.jdks/corretto-11.0.17!/java.management" type="simple" />
            <root url="jrt:///home/franck/.jdks/corretto-11.0.17!/java.management.rmi" type="simple" />
            <root url="jrt:///home/franck/.jdks/corretto-11.0.17!/java.naming" type="simple" />
            <root url="jrt:///home/franck/.jdks/corretto-11.0.17!/java.net.http" type="simple" />
            <root url="jrt:///home/franck/.jdks/corretto-11.0.17!/java.prefs" type="simple" />
            <root url="jrt:///home/franck/.jdks/corretto-11.0.17!/java.rmi" type="simple" />
            <root url="jrt:///home/franck/.jdks/corretto-11.0.17!/java.scripting" type="simple" />
            <root url="jrt:///home/franck/.jdks/corretto-11.0.17!/java.se" type="simple" />
            <root url="jrt:///home/franck/.jdks/corretto-11.0.17!/java.security.jgss" type="simple" />
            <root url="jrt:///home/franck/.jdks/corretto-11.0.17!/java.security.sasl" type="simple" />
            <root url="jrt:///home/franck/.jdks/corretto-11.0.17!/java.smartcardio" type="simple" />
            <root url="jrt:///home/franck/.jdks/corretto-11.0.17!/java.sql" type="simple" />
            <root url="jrt:///home/franck/.jdks/corretto-11.0.17!/java.sql.rowset" type="simple" />
            <root url="jrt:///home/franck/.jdks/corretto-11.0.17!/java.transaction.xa" type="simple" />
            <root url="jrt:///home/franck/.jdks/corretto-11.0.17!/java.xml" type="simple" />
            <root url="jrt:///home/franck/.jdks/corretto-11.0.17!/java.xml.crypto" type="simple" />
            <root url="jrt:///home/franck/.jdks/corretto-11.0.17!/jdk.accessibility" type="simple" />
            <root url="jrt:///home/franck/.jdks/corretto-11.0.17!/jdk.aot" type="simple" />
            <root url="jrt:///home/franck/.jdks/corretto-11.0.17!/jdk.attach" type="simple" />
            <root url="jrt:///home/franck/.jdks/corretto-11.0.17!/jdk.charsets" type="simple" />
            <root url="jrt:///home/franck/.jdks/corretto-11.0.17!/jdk.compiler" type="simple" />
            <root url="jrt:///home/franck/.jdks/corretto-11.0.17!/jdk.crypto.cryptoki" type="simple" />
            <root url="jrt:///home/franck/.jdks/corretto-11.0.17!/jdk.crypto.ec" type="simple" />
            <root url="jrt:///home/franck/.jdks/corretto-11.0.17!/jdk.dynalink" type="simple" />
            <root url="jrt:///home/franck/.jdks/corretto-11.0.17!/jdk.editpad" type="simple" />
            <root url="jrt:///home/franck/.jdks/corretto-11.0.17!/jdk.hotspot.agent" type="simple" />
            <root url="jrt:///home/franck/.jdks/corretto-11.0.17!/jdk.httpserver" type="simple" />
            <root url="jrt:///home/franck/.jdks/corretto-11.0.17!/jdk.internal.ed" type="simple" />
            <root url="jrt:///home/franck/.jdks/corretto-11.0.17!/jdk.internal.jvmstat" type="simple" />
            <root url="jrt:///home/franck/.jdks/corretto-11.0.17!/jdk.internal.le" type="simple" />
            <root url="jrt:///home/franck/.jdks/corretto-11.0.17!/jdk.internal.opt" type="simple" />
            <root url="jrt:///home/franck/.jdks/corretto-11.0.17!/jdk.internal.vm.ci" type="simple" />
            <root url="jrt:///home/franck/.jdks/corretto-11.0.17!/jdk.internal.vm.compiler" type="simple" />
            <root url="jrt:///home/franck/.jdks/corretto-11.0.17!/jdk.internal.vm.compiler.management" type="simple" />
            <root url="jrt:///home/franck/.jdks/corretto-11.0.17!/jdk.jartool" type="simple" />
            <root url="jrt:///home/franck/.jdks/corretto-11.0.17!/jdk.javadoc" type="simple" />
            <root url="jrt:///home/franck/.jdks/corretto-11.0.17!/jdk.jcmd" type="simple" />
            <root url="jrt:///home/franck/.jdks/corretto-11.0.17!/jdk.jconsole" type="simple" />
            <root url="jrt:///home/franck/.jdks/corretto-11.0.17!/jdk.jdeps" type="simple" />
            <root url="jrt:///home/franck/.jdks/corretto-11.0.17!/jdk.jdi" type="simple" />
            <root url="jrt:///home/franck/.jdks/corretto-11.0.17!/jdk.jdwp.agent" type="simple" />
            <root url="jrt:///home/franck/.jdks/corretto-11.0.17!/jdk.jfr" type="simple" />
            <root url="jrt:///home/franck/.jdks/corretto-11.0.17!/jdk.jlink" type="simple" />
            <root url="jrt:///home/franck/.jdks/corretto-11.0.17!/jdk.jshell" type="simple" />
            <root url="jrt:///home/franck/.jdks/corretto-11.0.17!/jdk.jsobject" type="simple" />
            <root url="jrt:///home/franck/.jdks/corretto-11.0.17!/jdk.jstatd" type="simple" />
            <root url="jrt:///home/franck/.jdks/corretto-11.0.17!/jdk.localedata" type="simple" />
            <root url="jrt:///home/franck/.jdks/corretto-11.0.17!/jdk.management" type="simple" />
            <root url="jrt:///home/franck/.jdks/corretto-11.0.17!/jdk.management.agent" type="simple" />
            <root url="jrt:///home/franck/.jdks/corretto-11.0.17!/jdk.management.jfr" type="simple" />
            <root url="jrt:///home/franck/.jdks/corretto-11.0.17!/jdk.naming.dns" type="simple" />
            <root url="jrt:///home/franck/.jdks/corretto-11.0.17!/jdk.naming.ldap" type="simple" />
            <root url="jrt:///home/franck/.jdks/corretto-11.0.17!/jdk.naming.rmi" type="simple" />
            <root url="jrt:///home/franck/.jdks/corretto-11.0.17!/jdk.net" type="simple" />
            <root url="jrt:///home/franck/.jdks/corretto-11.0.17!/jdk.pack" type="simple" />
            <root url="jrt:///home/franck/.jdks/corretto-11.0.17!/jdk.rmic" type="simple" />
            <root url="jrt:///home/franck/.jdks/corretto-11.0.17!/jdk.scripting.nashorn" type="simple" />
            <root url="jrt:///home/franck/.jdks/corretto-11.0.17!/jdk.scripting.nashorn.shell" type="simple" />
            <root url="jrt:///home/franck/.jdks/corretto-11.0.17!/jdk.sctp" type="simple" />
            <root url="jrt:///home/franck/.jdks/corretto-11.0.17!/jdk.security.auth" type="simple" />
            <root url="jrt:///home/franck/.jdks/corretto-11.0.17!/jdk.security.jgss" type="simple" />
            <root url="jrt:///home/franck/.jdks/corretto-11.0.17!/jdk.unsupported" type="simple" />
            <root url="jrt:///home/franck/.jdks/corretto-11.0.17!/jdk.unsupported.desktop" type="simple" />
            <root url="jrt:///home/franck/.jdks/corretto-11.0.17!/jdk.xml.dom" type="simple" />
            <root url="jrt:///home/franck/.jdks/corretto-11.0.17!/jdk.zipfs" type="simple" />
          </root>
        </classPath>
        <javadocPath>
          <root type="composite" />
        </javadocPath>
        <sourcePath>
          <root type="composite">
            <root url="jar://$USER_HOME$/.jdks/corretto-11.0.17/lib/src.zip!/java.se" type="simple" />
            <root url="jar://$USER_HOME$/.jdks/corretto-11.0.17/lib/src.zip!/jdk.aot" type="simple" />
            <root url="jar://$USER_HOME$/.jdks/corretto-11.0.17/lib/src.zip!/jdk.jdi" type="simple" />
            <root url="jar://$USER_HOME$/.jdks/corretto-11.0.17/lib/src.zip!/jdk.jfr" type="simple" />
            <root url="jar://$USER_HOME$/.jdks/corretto-11.0.17/lib/src.zip!/jdk.net" type="simple" />
            <root url="jar://$USER_HOME$/.jdks/corretto-11.0.17/lib/src.zip!/java.rmi" type="simple" />
            <root url="jar://$USER_HOME$/.jdks/corretto-11.0.17/lib/src.zip!/java.sql" type="simple" />
            <root url="jar://$USER_HOME$/.jdks/corretto-11.0.17/lib/src.zip!/java.xml" type="simple" />
            <root url="jar://$USER_HOME$/.jdks/corretto-11.0.17/lib/src.zip!/jdk.jcmd" type="simple" />
            <root url="jar://$USER_HOME$/.jdks/corretto-11.0.17/lib/src.zip!/jdk.pack" type="simple" />
            <root url="jar://$USER_HOME$/.jdks/corretto-11.0.17/lib/src.zip!/jdk.rmic" type="simple" />
            <root url="jar://$USER_HOME$/.jdks/corretto-11.0.17/lib/src.zip!/jdk.sctp" type="simple" />
            <root url="jar://$USER_HOME$/.jdks/corretto-11.0.17/lib/src.zip!/java.base" type="simple" />
            <root url="jar://$USER_HOME$/.jdks/corretto-11.0.17/lib/src.zip!/jdk.jdeps" type="simple" />
            <root url="jar://$USER_HOME$/.jdks/corretto-11.0.17/lib/src.zip!/jdk.jlink" type="simple" />
            <root url="jar://$USER_HOME$/.jdks/corretto-11.0.17/lib/src.zip!/jdk.zipfs" type="simple" />
            <root url="jar://$USER_HOME$/.jdks/corretto-11.0.17/lib/src.zip!/java.prefs" type="simple" />
            <root url="jar://$USER_HOME$/.jdks/corretto-11.0.17/lib/src.zip!/jdk.attach" type="simple" />
            <root url="jar://$USER_HOME$/.jdks/corretto-11.0.17/lib/src.zip!/jdk.jshell" type="simple" />
            <root url="jar://$USER_HOME$/.jdks/corretto-11.0.17/lib/src.zip!/jdk.jstatd" type="simple" />
            <root url="jar://$USER_HOME$/.jdks/corretto-11.0.17/lib/src.zip!/java.naming" type="simple" />
            <root url="jar://$USER_HOME$/.jdks/corretto-11.0.17/lib/src.zip!/jdk.editpad" type="simple" />
            <root url="jar://$USER_HOME$/.jdks/corretto-11.0.17/lib/src.zip!/jdk.jartool" type="simple" />
            <root url="jar://$USER_HOME$/.jdks/corretto-11.0.17/lib/src.zip!/jdk.javadoc" type="simple" />
            <root url="jar://$USER_HOME$/.jdks/corretto-11.0.17/lib/src.zip!/jdk.xml.dom" type="simple" />
            <root url="jar://$USER_HOME$/.jdks/corretto-11.0.17/lib/src.zip!/java.desktop" type="simple" />
            <root url="jar://$USER_HOME$/.jdks/corretto-11.0.17/lib/src.zip!/java.logging" type="simple" />
            <root url="jar://$USER_HOME$/.jdks/corretto-11.0.17/lib/src.zip!/jdk.charsets" type="simple" />
            <root url="jar://$USER_HOME$/.jdks/corretto-11.0.17/lib/src.zip!/jdk.compiler" type="simple" />
            <root url="jar://$USER_HOME$/.jdks/corretto-11.0.17/lib/src.zip!/jdk.dynalink" type="simple" />
            <root url="jar://$USER_HOME$/.jdks/corretto-11.0.17/lib/src.zip!/jdk.jconsole" type="simple" />
            <root url="jar://$USER_HOME$/.jdks/corretto-11.0.17/lib/src.zip!/jdk.jsobject" type="simple" />
            <root url="jar://$USER_HOME$/.jdks/corretto-11.0.17/lib/src.zip!/java.compiler" type="simple" />
            <root url="jar://$USER_HOME$/.jdks/corretto-11.0.17/lib/src.zip!/java.net.http" type="simple" />
            <root url="jar://$USER_HOME$/.jdks/corretto-11.0.17/lib/src.zip!/jdk.crypto.ec" type="simple" />
            <root url="jar://$USER_HOME$/.jdks/corretto-11.0.17/lib/src.zip!/java.scripting" type="simple" />
            <root url="jar://$USER_HOME$/.jdks/corretto-11.0.17/lib/src.zip!/jdk.httpserver" type="simple" />
            <root url="jar://$USER_HOME$/.jdks/corretto-11.0.17/lib/src.zip!/jdk.jdwp.agent" type="simple" />
            <root url="jar://$USER_HOME$/.jdks/corretto-11.0.17/lib/src.zip!/jdk.localedata" type="simple" />
            <root url="jar://$USER_HOME$/.jdks/corretto-11.0.17/lib/src.zip!/jdk.management" type="simple" />
            <root url="jar://$USER_HOME$/.jdks/corretto-11.0.17/lib/src.zip!/jdk.naming.dns" type="simple" />
            <root url="jar://$USER_HOME$/.jdks/corretto-11.0.17/lib/src.zip!/jdk.naming.rmi" type="simple" />
            <root url="jar://$USER_HOME$/.jdks/corretto-11.0.17/lib/src.zip!/java.instrument" type="simple" />
            <root url="jar://$USER_HOME$/.jdks/corretto-11.0.17/lib/src.zip!/java.management" type="simple" />
            <root url="jar://$USER_HOME$/.jdks/corretto-11.0.17/lib/src.zip!/java.sql.rowset" type="simple" />
            <root url="jar://$USER_HOME$/.jdks/corretto-11.0.17/lib/src.zip!/java.xml.crypto" type="simple" />
            <root url="jar://$USER_HOME$/.jdks/corretto-11.0.17/lib/src.zip!/jdk.internal.ed" type="simple" />
            <root url="jar://$USER_HOME$/.jdks/corretto-11.0.17/lib/src.zip!/jdk.internal.le" type="simple" />
            <root url="jar://$USER_HOME$/.jdks/corretto-11.0.17/lib/src.zip!/jdk.naming.ldap" type="simple" />
            <root url="jar://$USER_HOME$/.jdks/corretto-11.0.17/lib/src.zip!/jdk.unsupported" type="simple" />
            <root url="jar://$USER_HOME$/.jdks/corretto-11.0.17/lib/src.zip!/java.smartcardio" type="simple" />
            <root url="jar://$USER_HOME$/.jdks/corretto-11.0.17/lib/src.zip!/jdk.internal.opt" type="simple" />
            <root url="jar://$USER_HOME$/.jdks/corretto-11.0.17/lib/src.zip!/java.datatransfer" type="simple" />
            <root url="jar://$USER_HOME$/.jdks/corretto-11.0.17/lib/src.zip!/jdk.accessibility" type="simple" />
            <root url="jar://$USER_HOME$/.jdks/corretto-11.0.17/lib/src.zip!/jdk.hotspot.agent" type="simple" />
            <root url="jar://$USER_HOME$/.jdks/corretto-11.0.17/lib/src.zip!/jdk.security.auth" type="simple" />
            <root url="jar://$USER_HOME$/.jdks/corretto-11.0.17/lib/src.zip!/jdk.security.jgss" type="simple" />
            <root url="jar://$USER_HOME$/.jdks/corretto-11.0.17/lib/src.zip!/java.security.jgss" type="simple" />
            <root url="jar://$USER_HOME$/.jdks/corretto-11.0.17/lib/src.zip!/java.security.sasl" type="simple" />
            <root url="jar://$USER_HOME$/.jdks/corretto-11.0.17/lib/src.zip!/jdk.internal.vm.ci" type="simple" />
            <root url="jar://$USER_HOME$/.jdks/corretto-11.0.17/lib/src.zip!/jdk.management.jfr" type="simple" />
            <root url="jar://$USER_HOME$/.jdks/corretto-11.0.17/lib/src.zip!/java.management.rmi" type="simple" />
            <root url="jar://$USER_HOME$/.jdks/corretto-11.0.17/lib/src.zip!/java.transaction.xa" type="simple" />
            <root url="jar://$USER_HOME$/.jdks/corretto-11.0.17/lib/src.zip!/jdk.crypto.cryptoki" type="simple" />
            <root url="jar://$USER_HOME$/.jdks/corretto-11.0.17/lib/src.zip!/jdk.internal.jvmstat" type="simple" />
            <root url="jar://$USER_HOME$/.jdks/corretto-11.0.17/lib/src.zip!/jdk.management.agent" type="simple" />
            <root url="jar://$USER_HOME$/.jdks/corretto-11.0.17/lib/src.zip!/jdk.scripting.nashorn" type="simple" />
            <root url="jar://$USER_HOME$/.jdks/corretto-11.0.17/lib/src.zip!/jdk.unsupported.desktop" type="simple" />
            <root url="jar://$USER_HOME$/.jdks/corretto-11.0.17/lib/src.zip!/jdk.internal.vm.compiler" type="simple" />
            <root url="jar://$USER_HOME$/.jdks/corretto-11.0.17/lib/src.zip!/jdk.scripting.nashorn.shell" type="simple" />
            <root url="jar://$USER_HOME$/.jdks/corretto-11.0.17/lib/src.zip!/jdk.internal.vm.compiler.management" type="simple" />
          </root>
        </sourcePath>
      </roots>
      <additional />
    </jdk>
    <jdk version="2">
      <name value="Kotlin SDK" />
      <type value="KotlinSDK" />
      <homePath value="" />
      <roots>
        <annotationsPath>
          <root type="composite" />
        </annotationsPath>
        <classPath>
          <root type="composite" />
        </classPath>
        <javadocPath>
          <root type="composite" />
        </javadocPath>
        <sourcePath>
          <root type="composite" />
        </sourcePath>
      </roots>
      <additional />
    </jdk>
  </component>
</application>