<list display="Quick actions">
  <action id="EditorSortLines" />
  <action id="ReformatWithPrettierAction" />
  <action id="Refactorings.QuickListPopupAction" />
  <action id="Generate" />
  <action id="ShowReformatFileDialog" />
  <action id="ShowBookmarks" />
  <action id="ProjectView.ShowExcludedFiles" />
  <action id="ActivatePullRequestsToolWindow" />
  <action id="ActivateSpaceAutomationToolWindow" />
  <action id="CWMHostShowPopupAction" />
  <action id="ActivateSpaceCodeReviewsToolWindow" />
  <action id="com.intellij.space.vcs.review.SpaceShowReviewsAction" />
</list>