<list display="Quick actions">
  <action id="EditorSortLines" />
  <action id="StringManipulation.ToCamelCase" />
  <action id="StringManipulation.ToSnakeCase" />
  <action id="StringManipulation.ToKebabCase" />
  <action id="StringManipulation.ToPascalCase" />
  <action id="StringManipulation.ConvertJsonYamlAction" />
  <action id="SplitVertically" />
  <action id="QuickList.$Separator$" />
  <action id="ReformatWithPrettierAction" />
  <action id="Refactorings.QuickListPopupAction" />
  <action id="Generate" />
  <action id="ShowReformatFileDialog" />
  <action id="ActivatePullRequestsToolWindow" />
  <action id="ActivateSpaceAutomationToolWindow" />
  <action id="CWMHostShowPopupAction" />
  <action id="ActivateSpaceCodeReviewsToolWindow" />
  <action id="com.intellij.space.vcs.review.SpaceShowReviewsAction" />
  <action id="ShowBookmarks" />
  <action id="ProjectView.ShowExcludedFiles" />
  <action id="QuickList.$Separator$" />
  <action id="Git.Stage.Add" />
  <action id="ChangesView.Revert" />
  <action id="QuickList.$Separator$" />
  <action id="ViewStatusBar" />
</list>