<keymap version="1" name="Ooneex" parent="Mac OS X 10.5+">
  <action id="ActivateProjectToolWindow">
    <keyboard-shortcut first-keystroke="meta 1" />
    <keyboard-shortcut first-keystroke="shift meta back_space" />
  </action>
  <action id="Back">
    <keyboard-shortcut first-keystroke="meta open_bracket" />
    <mouse-shortcut keystroke="button4" />
  </action>
  <action id="CodeCompletion" />
  <action id="CommentByBlockComment">
    <keyboard-shortcut first-keystroke="meta alt slash" />
    <keyboard-shortcut first-keystroke="meta alt divide" />
    <keyboard-shortcut first-keystroke="shift ctrl slash" />
    <keyboard-shortcut first-keystroke="shift ctrl divide" />
    <keyboard-shortcut first-keystroke="shift meta slash" />
    <keyboard-shortcut first-keystroke="shift meta divide" />
    <keyboard-shortcut first-keystroke="shift meta divide" />
    <keyboard-shortcut first-keystroke="shift meta colon" />
  </action>
  <action id="CommentByLineComment">
    <keyboard-shortcut first-keystroke="meta slash" />
    <keyboard-shortcut first-keystroke="meta divide" />
    <keyboard-shortcut first-keystroke="meta colon" />
  </action>
  <action id="Console.TableResult.EditValueMaximized">
    <keyboard-shortcut first-keystroke="shift enter" />
  </action>
  <action id="Debug" />
  <action id="DebugClass" />
  <action id="Debugger.MarkObject">
    <keyboard-shortcut first-keystroke="f3" />
  </action>
  <action id="Diff.ApplyLeftSide" />
  <action id="Diff.ApplyRightSide" />
  <action id="Diff.NextChange" />
  <action id="Diff.PrevChange" />
  <action id="EditorCompleteStatement">
    <keyboard-shortcut first-keystroke="shift meta enter" />
    <keyboard-shortcut first-keystroke="shift ctrl space" />
  </action>
  <action id="EditorDuplicate">
    <keyboard-shortcut first-keystroke="meta enter" />
  </action>
  <action id="EditorJoinLines">
    <keyboard-shortcut first-keystroke="shift ctrl j" />
    <keyboard-shortcut first-keystroke="shift meta j" />
  </action>
  <action id="EditorLookupDown" />
  <action id="EditorLookupUp" />
  <action id="EditorSplitLine" />
  <action id="EditorStartNewLine" />
  <action id="EditorStartNewLineBefore">
    <keyboard-shortcut first-keystroke="shift enter" />
  </action>
  <action id="FileChooser.TogglePathShowing" />
  <action id="FileStructurePopup">
    <keyboard-shortcut first-keystroke="meta f12" />
    <keyboard-shortcut first-keystroke="meta r" />
  </action>
  <action id="FindNext" />
  <action id="Forward">
    <keyboard-shortcut first-keystroke="meta close_bracket" />
    <mouse-shortcut keystroke="button5" />
  </action>
  <action id="Generate">
    <keyboard-shortcut first-keystroke="meta n" />
  </action>
  <action id="GotoBookmark0" />
  <action id="GotoBookmark1" />
  <action id="GotoBookmark2" />
  <action id="GotoBookmark3" />
  <action id="GotoBookmark4" />
  <action id="GotoBookmark5" />
  <action id="GotoBookmark6" />
  <action id="GotoBookmark7" />
  <action id="GotoBookmark8" />
  <action id="GotoBookmark9" />
  <action id="GotoLine">
    <keyboard-shortcut first-keystroke="meta l" />
    <keyboard-shortcut first-keystroke="meta g" />
  </action>
  <action id="JumpToLastChange" />
  <action id="JupyterDebugAction" />
  <action id="JupyterSelectCellAboveAction" />
  <action id="JupyterSelectCellBelowAction" />
  <action id="MainMenu">
    <keyboard-shortcut first-keystroke="meta down" />
  </action>
  <action id="MethodDown" />
  <action id="MethodUp" />
  <action id="MoveLineDown" />
  <action id="MoveLineUp" />
  <action id="NewElement">
    <keyboard-shortcut first-keystroke="meta n" />
    <keyboard-shortcut first-keystroke="meta enter" />
  </action>
  <action id="NextEditorTab" />
  <action id="NextProjectWindow">
    <keyboard-shortcut first-keystroke="meta alt back_quote" />
    <keyboard-shortcut first-keystroke="ctrl alt right" />
  </action>
  <action id="NextTab">
    <keyboard-shortcut first-keystroke="meta alt right" />
  </action>
  <action id="ParameterInfo" />
  <action id="PreviousEditorTab" />
  <action id="PreviousProjectWindow">
    <keyboard-shortcut first-keystroke="shift meta alt back_quote" />
    <keyboard-shortcut first-keystroke="ctrl alt left" />
  </action>
  <action id="PreviousTab">
    <keyboard-shortcut first-keystroke="meta alt left" />
  </action>
  <action id="QuickChangeScheme">
    <keyboard-shortcut first-keystroke="meta dead_grave" />
  </action>
  <action id="QuickList.Quick actions">
    <keyboard-shortcut first-keystroke="meta p" />
  </action>
  <action id="ReopenClosedTab">
    <keyboard-shortcut first-keystroke="shift meta w" />
  </action>
  <action id="Replace" />
  <action id="Rerun" />
  <action id="ResizeToolWindowDown">
    <keyboard-shortcut first-keystroke="ctrl alt down" />
    <keyboard-shortcut first-keystroke="shift meta down" />
  </action>
  <action id="ResizeToolWindowLeft">
    <keyboard-shortcut first-keystroke="shift meta left" />
  </action>
  <action id="ResizeToolWindowRight">
    <keyboard-shortcut first-keystroke="shift meta right" />
  </action>
  <action id="ResizeToolWindowUp">
    <keyboard-shortcut first-keystroke="ctrl alt up" />
    <keyboard-shortcut first-keystroke="shift meta up" />
  </action>
  <action id="RestoreDefaultLayout" />
  <action id="SelectInProjectView">
    <keyboard-shortcut first-keystroke="shift meta enter" />
  </action>
  <action id="SelectNextOccurrence">
    <keyboard-shortcut first-keystroke="ctrl g" />
    <keyboard-shortcut first-keystroke="meta d" />
  </action>
  <action id="ShowContent" />
  <action id="ShowPopupMenu">
    <keyboard-shortcut first-keystroke="meta alt enter" />
  </action>
  <action id="SmartTypeCompletion">
    <keyboard-shortcut first-keystroke="ctrl space" />
  </action>
  <action id="SplitChooser" />
  <action id="Switcher" />
  <action id="ToggleBookmark">
    <keyboard-shortcut first-keystroke="f3" />
    <keyboard-shortcut first-keystroke="shift alt enter" />
  </action>
  <action id="ToolWindowsGroup">
    <keyboard-shortcut first-keystroke="shift meta p" />
  </action>
  <action id="UnselectPreviousOccurrence">
    <keyboard-shortcut first-keystroke="shift ctrl g" />
    <keyboard-shortcut first-keystroke="shift meta d" />
  </action>
  <action id="UsageGrouping.DirectoryStructure" />
  <action id="ViewSource" />
</keymap>